experience,test_score(out of 10),interview_score(out of 10),salary($)
3,8.0,9.0,62830.05521048998
3,8.0,6.0,56506.038647343
5,6.0,7.0,61645.79020013803
2,6.0,10.0,62904.071773636984
7,9.0,6.0,63433.05728088336
3,7.0,6.0,56333.33333333333
10,8.0,10.0,76758.10904071773
11,8.0,10.0,78446.68737060041
